{"followers_count":8.7487611223,"following_count":26.9755724628,"post_count":11.1858961369,"listed_count":0.044912772,"active_date":7.0165797764,"cluster":0,"rank":1}
{"followers_count":34.3947060354,"following_count":72.4926508845,"post_count":115.5411030177,"listed_count":0.1286420395,"active_date":82.5321930281,"cluster":13,"rank":2}
{"followers_count":51.6666666667,"following_count":95.47028285,"post_count":261.887934121,"listed_count":0.2020229144,"active_date":179.6301467956,"cluster":6,"rank":3}
{"followers_count":79.9437360179,"following_count":116.2799776286,"post_count":470.6648769575,"listed_count":43534653122109.6171875,"active_date":289.1275306583,"cluster":4,"rank":4}
{"followers_count":110.9566003617,"following_count":128.8769138035,"post_count":651.9898734177,"listed_count":0.3896323086,"active_date":407.4161543098,"cluster":12,"rank":5}
{"followers_count":144.6715077898,"following_count":173.2872986533,"post_count":876.8374702931,"listed_count":0.6518352258,"active_date":537.9160285186,"cluster":2,"rank":6}
{"followers_count":146.9348450491,"following_count":164.3123204837,"post_count":1058.0167800454,"listed_count":0.8613756614,"active_date":674.4120937264,"cluster":10,"rank":7}
{"followers_count":170.3886093781,"following_count":198.6570738579,"post_count":1383.0531294023,"listed_count":1.5689273496,"active_date":984.7528677802,"cluster":1,"rank":8}
{"followers_count":171.2983525535,"following_count":175.0520593081,"post_count":1181.8049423394,"listed_count":1.0314662273,"active_date":820.8548599671,"cluster":5,"rank":9}
{"followers_count":232.2483833039,"following_count":215.1940035273,"post_count":1983.69664903,"listed_count":4.0999412111,"active_date":1373.3312757202,"cluster":3,"rank":10}
{"followers_count":242.3042700648,"following_count":250.9436619718,"post_count":1634.7160742231,"listed_count":2.7516208361,"active_date":1175.02481556,"cluster":9,"rank":11}
{"followers_count":421.2480220158,"following_count":294.9391124871,"post_count":2493.6873065015,"listed_count":7.9518403853,"active_date":1592.0099759202,"cluster":14,"rank":12}
{"followers_count":1022.2274052478,"following_count":1247.3381924198,"post_count":4488.6064139942,"listed_count":23.4693877551,"active_date":2015.110787172,"cluster":8,"rank":13}
{"followers_count":1466.027027027,"following_count":825.2459459459,"post_count":37120.4324324324,"listed_count":16.9378378378,"active_date":834.2216216216,"cluster":11,"rank":14}
{"followers_count":12971.6931216931,"following_count":4257.328042328,"post_count":60819.8253968254,"listed_count":258.2169312169,"active_date":1391.1058201058,"cluster":7,"rank":15}
